apply_now,new_job_post_flag,job_post_days,company_name,company_url,job_title,job_tags,job_snippet,job_url
https://sg.indeed.com/applystart?jk=2080f28e2812d52e&from=vj&pos=bottom&mvj=0&spon=0&sjdu=b7vh_jdkj9G0GZidtKO9loDDplm6SwWjHcxyoDIphKnferitcN7Oxty573e64sTGkN0wkll9wDHc3mnStM4Hmg&vjfrom=serp&astse=bc13b03cd29c3d52&assa=2760,new,3,NE Digital,,Senior Machine Learning Engineer,['Full-time'],"Work with data scientists and domain experts to design the ML workflow, deployment strategy, and productionalize machine learning application/service (batch…",https://sg.indeed.com/rc/clk?jk=2080f28e2812d52e&fccid=7cf87f932afc64bc&vjs=3
https://sg.indeed.com/applystart?jk=fb7e375deaa06c3f&from=vj&pos=bottom&mvj=0&spon=0&sjdu=b7vh_jdkj9G0GZidtKO9loDDplm6SwWjHcxyoDIphKkz3B0xc9ivmoQe7YoefisBkN0wkll9wDHc3mnStM4Hmg&vjfrom=serp&astse=0c4aa110613b8618&assa=7112,new,3,Grab,https://sg.indeed.com/cmp/Grab,Data Scientist (Geo),['Full-time'],"Gain insights from data and results.
Translate straightforward business problems into data science problems.
We extensively use various data science and machine…",https://sg.indeed.com/rc/clk?jk=fb7e375deaa06c3f&fccid=b79fa3ee18655a5a&vjs=3
https://sg.indeed.com/applystart?jk=9ada02f68f4d3b1f&from=vj&pos=bottom&mvj=0&spon=0&sjdu=b7vh_jdkj9G0GZidtKO9loDDplm6SwWjHcxyoDIphKlk6wCSRhaL_jHbKvubIz9NkN0wkll9wDHc3mnStM4Hmg&vjfrom=serp&astse=890a9932c0bd241f&assa=9309,new,4,FrieslandCampina,https://sg.indeed.com/cmp/Frieslandcampina,Procurement Market Analytics Expert,['Full-time'],"From data-driven market analysis & forecasting, to smart data management, to data modelling & data science.
Proactive advocating of data-driven decision making.",https://sg.indeed.com/rc/clk?jk=9ada02f68f4d3b1f&fccid=bb9c97a740367a36&vjs=3
Apply Now,new,4,SWAT Mobility Pte. Ltd.,,Data Scientist,['Full-time'],"3-5 years algorithms development experience.
Good knowledge of algorithms, especially combinatorial optimization and graph theory.",https://sg.indeed.com/rc/clk?jk=5ea8aaa4706aeea2&fccid=81d0cdcd2f844676&vjs=3
Apply Now,,13,Partek Inc.,,Genomics Field Application Scientist - Experience with NGS D...,"['$75,000 - $110,000 a year', 'Full-time', 'Flexible hours']","Analyze customer data and produce reports including results and methods.
Prior experience with the data analysis of sequencing, microarrays or mass spectrometry…",https://sg.indeed.com/pagead/clk?mo=r&ad=-6NYlbfkN0ChrvkutQYB0HFDDxFlBe1itQ3jz4ABAF0_3jie368NLyfZJ_SYARkP9sRUcxTMUdPds0Ag-iObFf337UsYeZgmdk1qKFr-n45XieTvaONwYJUL0o6BDKlK1QffOTI8d2ktNIzXChXeiqfXOh_Cvkl1IrJ8Ml-9WC8qotgAt03p_mRxJrBv_u1eJVew_qdMmwTJWY-8MxDmk3T0YGx230GF06aiDHkXscd-gDwf1_bfqckdABqypsJZpcvlJ_f37PZoeVJbxjhDuP5XGm06FvrcGCWmW-LapQWeXJwTZ6J_QJ16gXkg6deDrm17kLMNIfjpkHOpneINNUZ_NKkeh0XqMF2jC8ZySXlj4pKI3XYCaAcxFS8A12-_ZEKmUaGkfpx4ypbgk-FNBgB2fd9wILox34Bq34P7xJ7fN9JgB2ige8qh-P-L2WuE5uHiKUnULe1S4j9qju9Wk4_h1Qw9LJIlgmkL_s_CjMbSjnpyfIoAIsJPrpetQgk5DaPpNr9fDvbuBk71in--GvKmMm2wVAOB4fwK-FceWt2YIirU9_Sxyx0TzLASUShnLffYupJvuQs=&xkcb=SoDE-_M3YyfUcy2cVh0LbzkdCdPP&p=0&fvj=1&vjs=3
https://sg.indeed.com/applystart?jk=83177022e1f50fcf&from=vj&pos=bottom&mvj=0&spon=0&sjdu=b7vh_jdkj9G0GZidtKO9loDDplm6SwWjHcxyoDIphKmyTBtyzxJ2slTUvm12gmQ2kN0wkll9wDHc3mnStM4Hmg&vjfrom=serp&astse=73d1af0b3856c3b6&assa=229,,16,Bain & Company,,"Manager, Data Science",['Full-time'],"Comfortable working with large, complex data sets from varying sources (e.g., transactional & enterprise data, unfiltered data sets, internet/public data or…",https://sg.indeed.com/rc/clk?jk=83177022e1f50fcf&fccid=48270b2eee62c2c6&vjs=3
https://sg.indeed.com/applystart?jk=59ca343c9c718a9e&from=vj&pos=bottom&mvj=0&spon=1&adid=387089014&ad=-6NYlbfkN0Cp6KNEB19y8JALcHWdvRtcE36U0q3D7R7HlIOD-hiJ5nSFRqlr1Z0ZLs7PCbdrekC_Z2epzdeqUsDTrM2jozEL-vUenDrqYAu3nAEf65SEFUBNIragjAyaO0p5dMRcNsbtMNUq8s_mjZ93iYEJJi4kBfMItimYtWQY-Nhbv3nKr9VhJpUWBNsdtzDqtHj91ynxMTBWpz96i73YAT0jFNi7wc049Bv6ySyLPgQMjYPBDIRmNSA9TqUTK0LidcTIj7CvSspCJXSy6I-CRj9nCGmhb08aDgD6BPW0Uk05Cul8biByJElNzoFCr2IxLDaTqqNxafs4lQGNSp4xwzkzdv2HyFmK4sVyP8uKx3Iarjt7InAyL6g2qZIL&sjdu=RL-5-IekB49Yf89x8Y7IJttiq_mXw7qPyv-RCRoaAmHXfXa9GcELlW5yk7gw2dHF7FLRaxR8JDimyEfP0OpqbH1ky3GoVfbuLZ3lvOgLjRJYkrZYJbMFtqqtP_5PG6B7HJC0PYg8ifxy1W6Qq6ctUdzKA4PAvqoa01iLId9v4p4&vjfrom=serp&astse=cf67f13c614d4120&assa=5839,,18,OCBC Bank,https://sg.indeed.com/cmp/Ocbc-Bank,"Data Scientist - AI Lab, Group Data Office",['Full-time +1'],"Experience in dealing with business stakeholders, and guiding junior data scientist effectively.
Experience with big data technologies such as Hadoop, Impala…",https://sg.indeed.com/pagead/clk?mo=r&ad=-6NYlbfkN0Cp6KNEB19y8JALcHWdvRtcE36U0q3D7R7HlIOD-hiJ5nSFRqlr1Z0ZLs7PCbdrekC_Z2epzdeqUsDTrM2jozEL-vUenDrqYAu3nAEf65SEFZ8BSQ76eVCP2ur_725GehVlCJudAmRQ1QIRyRp1TxV6l3o0HgAxlcYbznjflM0nfK8GB2kZFnGij_HS79oEYYO_O153JfpkkbzhLfqI48Wz7cPXURB412gkDTd2zUMZfEe-4_wjSOyMpviOtDYhkMG1VVey4DiKifsbWhPvhtNliTlWb-6orYiRBEoR8U8RA8byZei8vr_mm1MJnzBDHN1hp8y0AlGl8d_kO-RP6O9tuR4W85FkCvqGm2VPgz9KDZLMPKUdigOR8XId7MT-EnFllyybenduisiwz69AXEW6PLleM9rUnY4tyNJyx7Ji-LxhkqkeJlG1NEVnHgqFpgN50q07OFkwLzdEPvUIaU6uyS-u2qX1obFYhWHRGsJ6zT48uDqw9GBsz0goG2ZCUzqsdodQAxIlvs_deJYYm2twQNXcFgAEIwYfkHPLi3K-6yYY8864HMaC7u8-Z_awPXRo3rN_XZfkUshrJDV1df4O&xkcb=SoDt-_M3YyfUc9WcVh0LbzkdCdPP&p=1&fvj=0&vjs=3
Apply Now,,19,Lico Resources Pte Ltd,,Data Scientist (Machine Learning; Data Science),"['$6,000 - $9,000 a month', 'Full-time', 'Monday to Friday']","Ø experience in data engineering, including SQL and manipulating large.
Ø experience with building data products, either internal or consumer-facing a.",https://sg.indeed.com/company/Lico-Resources/jobs/Data-Scientist-0f34417ed627e14a?fccid=da7337e9028e7e5b&vjs=3
https://sg.indeed.com/applystart?jk=301e1e9d935671fa&from=vj&pos=bottom&mvj=0&spon=0&sjdu=b7vh_jdkj9G0GZidtKO9loDDplm6SwWjHcxyoDIphKkDQNPPcLC-Juaw7lwXHhT4kN0wkll9wDHc3mnStM4Hmg&vjfrom=serp&astse=3f0d1d32238bdb28&assa=6641,,24,NE Digital,,Data Scientist,['Full-time'],"Working with data engineer team to build and automate of the data workflows such as extraction, transformation, and load (ETL) to transform raw data for…",https://sg.indeed.com/rc/clk?jk=301e1e9d935671fa&fccid=7cf87f932afc64bc&vjs=3
https://sg.indeed.com/applystart?jk=04165e500f93fbb1&from=vj&pos=bottom&mvj=0&spon=0&sjdu=b7vh_jdkj9G0GZidtKO9loDDplm6SwWjHcxyoDIphKm1zrmT87DVuCzaJeWEjqsOkN0wkll9wDHc3mnStM4Hmg&vjfrom=serp&astse=2eb35dc6d0853580&assa=1419,,24,AirAsia,https://sg.indeed.com/cmp/Airasia,Principal Data Scientist,['Full-time'],"Hands-on experience in complex data modelling, data analytics, simulation and optimization.
You will mentor junior data scientists.",https://sg.indeed.com/rc/clk?jk=04165e500f93fbb1&fccid=350f4541eb63ccf6&vjs=3
https://sg.indeed.com/applystart?jk=cc0ba4332cd33fb9&from=vj&pos=bottom&mvj=0&spon=0&sjdu=b7vh_jdkj9G0GZidtKO9loDDplm6SwWjHcxyoDIphKngJXuRyTurEpXMkBvyE45QkN0wkll9wDHc3mnStM4Hmg&vjfrom=serp&astse=6fb86bbbe2335657&assa=3460,,25,Grab,https://sg.indeed.com/cmp/Grab,Senior Data Scientist (Dynamic Pricing),['Full-time'],"With the power of big data and advanced Machine Learning models, We build data driven AI products to ensure an attainable service availability for customers at…",https://sg.indeed.com/rc/clk?jk=cc0ba4332cd33fb9&fccid=b79fa3ee18655a5a&vjs=3
https://sg.indeed.com/applystart?jk=cf4392c165b0a044&from=vj&pos=bottom&mvj=0&spon=0&sjdu=b7vh_jdkj9G0GZidtKO9loDDplm6SwWjHcxyoDIphKltpsQDxhRVyHQymiYOV2TnkN0wkll9wDHc3mnStM4Hmg&vjfrom=serp&astse=a2f923d0e34fc05d&assa=2306,,30,AIA,,"Lead, Business Analytics",['Full-time'],"Responsible for analyzing data and producing data insights to support business needs.
Track record in analysing large datasets; capability in executing full…",https://sg.indeed.com/rc/clk?jk=cf4392c165b0a044&fccid=004041685e219574&vjs=3
https://sg.indeed.com/applystart?jk=36b6b4a0d49df246&from=vj&pos=bottom&mvj=0&spon=0&sjdu=b7vh_jdkj9G0GZidtKO9loDDplm6SwWjHcxyoDIphKk9PJuKITxLw5A2DrkX09A1kN0wkll9wDHc3mnStM4Hmg&vjfrom=serp&astse=796736cdeda4975a&assa=1667,,30,Carro,https://sg.indeed.com/cmp/Carro,Machine Learning Engineer,['Full-time'],"Build robust data collection procedures and highly scalable APIs.
Processing, cleansing, and verifying the integrity of data used for analysis.",https://sg.indeed.com/rc/clk?jk=36b6b4a0d49df246&fccid=c0f0ee56088a411e&vjs=3
https://sg.indeed.com/applystart?jk=5a2bebd6e5e1e176&from=vj&pos=bottom&mvj=0&spon=0&sjdu=b7vh_jdkj9G0GZidtKO9loDDplm6SwWjHcxyoDIphKlkc-9X30TmwHTV0G0kQ2qakN0wkll9wDHc3mnStM4Hmg&astse=4cbce98d511a44d3&assa=7801,,30,WorldQuant,,"Quantitative Researcher, Deep Research",['Full-time'],"Partner with a close-knit team of data scientists, data engineers, technologists and data sourcing colleagues to identify and research new sector or broad…",https://sg.indeed.com/company/WorldQuant/jobs/Quantitative-Researcher-5a2bebd6e5e1e176?fccid=08487f979320ebae&vjs=3
https://sg.indeed.com/applystart?jk=4f3711e322aeda62&from=vj&pos=bottom&mvj=0&spon=0&sjdu=b7vh_jdkj9G0GZidtKO9loDDplm6SwWjHcxyoDIphKk6xWYrl_CWzKnfDPApA-t8kN0wkll9wDHc3mnStM4Hmg&vjfrom=serp&astse=a6f9b373388b9a23&assa=1466,,30,DBS Bank,https://sg.indeed.com/cmp/Dbs-Bank,"VP, Data Scientist, Analytics & New Capabilities, Middle Off...",['Full-time'],"2-5 years of experience in applied statistical learning, machine learning and data science with tangible outcomes.",https://sg.indeed.com/rc/clk?jk=4f3711e322aeda62&fccid=cc1f9ea511d140fe&vjs=3
https://sg.indeed.com/applystart?jk=e02af2481cc69cee&from=vj&pos=bottom&mvj=0&spon=0&sjdu=b7vh_jdkj9G0GZidtKO9loDDplm6SwWjHcxyoDIphKnzXI8NIRKRR9Bu9bNd3gZ5kN0wkll9wDHc3mnStM4Hmg&vjfrom=serp&astse=6eb59a42093fec8d&assa=3975,,30,DataSpark Pte Ltd,,Senior Data Science Consultant,['Full-time +1'],"Knowledge of Analytics, Data Warehousing, ETL and data structures.
Experience working with ASEAN & Indian clients Experience of big data manipulation in Pyspark…",https://sg.indeed.com/rc/clk?jk=e02af2481cc69cee&fccid=babab58a823c8682&vjs=3
https://sg.indeed.com/applystart?jk=a46d374c833b46eb&from=vj&pos=bottom&mvj=0&spon=0&sjdu=b7vh_jdkj9G0GZidtKO9loDDplm6SwWjHcxyoDIphKkbZgxAG0Qkjt3CbtPCxDTbkN0wkll9wDHc3mnStM4Hmg&vjfrom=serp&astse=31c358c1be2f18bc&assa=4226,,30,Singapore General Hospital,https://sg.indeed.com/cmp/Singapore-General-Hospital,Senior Analyst (Data Science) / Analyst (Data Science),['Full-time +1'],"You will work with healthcare providers to address their challenges through the use of data and appropriate techniques in Data Science, Optimisation and…",https://sg.indeed.com/rc/clk?jk=a46d374c833b46eb&fccid=344d79655933a761&vjs=3
https://sg.indeed.com/applystart?jk=c083801f2b32c472&from=vj&pos=bottom&mvj=0&spon=0&sjdu=b7vh_jdkj9G0GZidtKO9loDDplm6SwWjHcxyoDIphKn6IRYzQq3ikwT60EfQYhDqkN0wkll9wDHc3mnStM4Hmg&vjfrom=serp&astse=7b0f8ab76c884f29&assa=7218,,30,National University of Singapore,https://sg.indeed.com/cmp/National-University-of-Singapore,"Innovation Manager, Artificial Intelligence Lab, School of C...",['Full-time'],"The Innovation Manager will work with internal and external stakeholders to plan, deliver, implement, and manage strategic programs, processes, and projects.",https://sg.indeed.com/rc/clk?jk=c083801f2b32c472&fccid=b4c06e8a712feddf&vjs=3
https://sg.indeed.com/applystart?jk=40ba5577bddc92f7&from=vj&pos=bottom&mvj=0&spon=0&sjdu=b7vh_jdkj9G0GZidtKO9loDDplm6SwWjHcxyoDIphKmqhkoCTTY4u0Ep2NMF38NbkN0wkll9wDHc3mnStM4Hmg&vjfrom=serp&astse=4bcf8a217285e88b&assa=1211,,30,ERP21 Pte Ltd,,Data Analytics Consultant,['Full-time'],"Good knowledge of data science/ analytics, in particular:
Design and develop data pipelines to support analysis according to best practices.",https://sg.indeed.com/rc/clk?jk=40ba5577bddc92f7&fccid=7cdfbf67ffc29a5b&vjs=3
https://sg.indeed.com/applystart?jk=e3b2dcbb79a16bc2&from=vj&pos=bottom&mvj=0&spon=0&sjdu=b7vh_jdkj9G0GZidtKO9loDDplm6SwWjHcxyoDIphKm30V4d8yToWqUSdLu5FFlbkN0wkll9wDHc3mnStM4Hmg&vjfrom=serp&astse=9275448dda07a5df&assa=2508,,30,Tan Tock Seng Hospital (TTSH),https://sg.indeed.com/cmp/Tan-Tock-Seng-Hospital-(ttsh),Data Scientist (NCID Prepare Office),['Full-time +1'],"Data extraction, cleaning, processing and management;
The Co-op is building a core data and research analytic team that will generate and provide empirical data…",https://sg.indeed.com/rc/clk?jk=e3b2dcbb79a16bc2&fccid=406c2c8af0c534b5&vjs=3
Apply Now,,30,The Talent Shark,,Data Scientist (Weather nowcast system ),['Full-time'],"Have passion about data and data science.
Provides data exploration with raw weather attributes, like wind speed, humidity, rainfall, and able to the find and…",https://sg.indeed.com/rc/clk?jk=207f5a8c4d70d60b&fccid=6e6bb78451dded9d&vjs=3
https://sg.indeed.com/applystart?jk=3a1e9f1eb6988bfc&from=vj&pos=bottom&mvj=0&spon=0&sjdu=b7vh_jdkj9G0GZidtKO9loDDplm6SwWjHcxyoDIphKl39PXFCdh1W8h68FqWYXQCkN0wkll9wDHc3mnStM4Hmg&vjfrom=serp&astse=1e606fc1dbddb451&assa=9935,,30,Grab,https://sg.indeed.com/cmp/Grab,Senior / Lead Machine Learning Engineer,['Full-time'],"Design and implement robust data pipelines.
Analyze data and define metrics for feature evaluation and model performance.",https://sg.indeed.com/rc/clk?jk=3a1e9f1eb6988bfc&fccid=b79fa3ee18655a5a&vjs=3
https://sg.indeed.com/applystart?jk=d937642c287f0b07&from=vj&pos=bottom&mvj=0&spon=0&sjdu=b7vh_jdkj9G0GZidtKO9loDDplm6SwWjHcxyoDIphKkAins2Ts7l-YJgINX0ad5okN0wkll9wDHc3mnStM4Hmg&vjfrom=serp&astse=41731e9af9ff2f4b&assa=2616,,30,DBS Bank,https://sg.indeed.com/cmp/Dbs-Bank,"VP/AVP, Senior Data Scientist, Wealth Analytics - Consumer B...",['Full-time'],"Minimum 8 years of data scientist / data analytics experience.
Preferred knowledge in Business Intelligence tools and data science.",https://sg.indeed.com/rc/clk?jk=d937642c287f0b07&fccid=cc1f9ea511d140fe&vjs=3
https://sg.indeed.com/applystart?jk=0572970dd59bd68d&from=vj&pos=bottom&mvj=0&spon=0&sjdu=b7vh_jdkj9G0GZidtKO9loDDplm6SwWjHcxyoDIphKlOMyikqsfXqeEdVkmpYRlYkN0wkll9wDHc3mnStM4Hmg&vjfrom=serp&astse=1d8c46500325a4b6&assa=9119,,30,Changi Airport Group,https://sg.indeed.com/cmp/Changi-Airport-Group,Enterprise Data Science Management Lead,['Permanent'],"Oversee data management, data quality control, data governance and data access as well as drive the growth of data science and new capabilities such as Machine…",https://sg.indeed.com/rc/clk?jk=0572970dd59bd68d&fccid=b98fdd885d550a69&vjs=3
https://sg.indeed.com/applystart?jk=dd68b001d1f9d751&from=vj&pos=bottom&mvj=0&spon=0&sjdu=b7vh_jdkj9G0GZidtKO9loDDplm6SwWjHcxyoDIphKkyhQkcRfQz4BBb11fxqDiFkN0wkll9wDHc3mnStM4Hmg&vjfrom=serp&astse=ffb92319339669ec&assa=7698,,30,National University of Singapore,https://sg.indeed.com/cmp/National-University-of-Singapore,AI Engineer (Natural Language Processing)-AI Singapore,['Full-time'],"Develop NLP products for NLP Hub.
Perform literature review of academic machine learning papers.
Reproduce, test and enhance algorithms from research papers.",https://sg.indeed.com/rc/clk?jk=dd68b001d1f9d751&fccid=b4c06e8a712feddf&vjs=3
https://sg.indeed.com/applystart?jk=314a323d1ea1b527&from=vj&pos=bottom&mvj=0&spon=0&sjdu=b7vh_jdkj9G0GZidtKO9loDDplm6SwWjHcxyoDIphKkjC_4NlIt8_hDTrLi_ifvfkN0wkll9wDHc3mnStM4Hmg&vjfrom=serp&astse=d0a534b0adaa728f&assa=7085,,30,IQVIA,https://sg.indeed.com/cmp/Iqvia,Engagement Manager – Database Analytics,['Full-time'],"Familiarity with real-world study methodologies including secondary data use (claims, EMRs, registries) or primary site-based data collection.",https://sg.indeed.com/rc/clk?jk=314a323d1ea1b527&fccid=6b7a1dfe07e7f037&vjs=3
https://sg.indeed.com/applystart?jk=09b059c9139448b3&from=vj&pos=bottom&mvj=0&spon=0&sjdu=b7vh_jdkj9G0GZidtKO9loDDplm6SwWjHcxyoDIphKlzxG3rY1wVeIkJ5OUaYGz_kN0wkll9wDHc3mnStM4Hmg&vjfrom=serp&astse=a2f96ac4030d28d2&assa=759,,30,Carro,https://sg.indeed.com/cmp/Carro,Senior Machine Learning Engineer,['Full-time'],"Build robust and highly scalable data platform components to support data collection, exploration, and integration from various sources - data API, RDBMS and…",https://sg.indeed.com/rc/clk?jk=09b059c9139448b3&fccid=c0f0ee56088a411e&vjs=3
https://sg.indeed.com/applystart?jk=8effc034110188bd&from=vj&pos=bottom&mvj=0&spon=0&sjdu=b7vh_jdkj9G0GZidtKO9loDDplm6SwWjHcxyoDIphKl4pxHmHNQbx0af49Ga5su6kN0wkll9wDHc3mnStM4Hmg&vjfrom=serp&astse=77ff035cd92e9933&assa=1318,,30,PSA International,https://sg.indeed.com/cmp/Psa-International,Manager / Senior Manager (Group Corporate Affairs),['Full-time'],At least 3 years of experience as a data scientist or data/BI analyst in developing dashboards and data analytics models/solutions.,https://sg.indeed.com/rc/clk?jk=8effc034110188bd&fccid=d9e60d33eab8cd05&vjs=3
https://sg.indeed.com/applystart?jk=ef8d15fc1f74bb0b&from=vj&pos=bottom&mvj=0&spon=0&sjdu=b7vh_jdkj9G0GZidtKO9loDDplm6SwWjHcxyoDIphKnvaBmjXOlcbi_JPZje3rpbkN0wkll9wDHc3mnStM4Hmg&vjfrom=serp&astse=d9f479290c895798&assa=9037,,30,SingHealth,https://sg.indeed.com/cmp/Singhealth,"Senior Analyst, Data Science, Office of Insights & Analytics",['Full-time'],"Experience in designing non-trivial data related technical solutions and deploying them in an actual user setting.
Doctorate Degree is an advantage.",https://sg.indeed.com/rc/clk?jk=ef8d15fc1f74bb0b&fccid=dcae8df142b2a793&vjs=3
Apply Now,,30,Inspectorio,,Lead Data Scientist,['Full-time'],"At least 3-5 years of experience on implementing data science projects.
Inspectorio is a cloud-based SaaS solution focused on creating a dynamic and risk…",https://sg.indeed.com/rc/clk?jk=dda2270473e30273&fccid=b36b290781136055&vjs=3
https://sg.indeed.com/applystart?jk=544b4c5c11020150&from=vj&pos=bottom&mvj=0&spon=0&sjdu=b7vh_jdkj9G0GZidtKO9loDDplm6SwWjHcxyoDIphKnjxzkRHQP-QBvIwGrybf99kN0wkll9wDHc3mnStM4Hmg&vjfrom=serp&astse=615b19844382f22f&assa=2933,,30,ACHIEVE TALENTS PTE. LTD,,Lead Data Science Analyst,"['Up to $11,000 a month', 'Full-time +1']","Apply data analysis, data mining and data processing to present data clearly.
Design experiments to test data assumptions.",https://sg.indeed.com/rc/clk?jk=544b4c5c11020150&fccid=ad6a68de48c604b3&vjs=3
https://sg.indeed.com/applystart?jk=496f874b83776a9e&from=vj&pos=bottom&mvj=0&spon=0&sjdu=b7vh_jdkj9G0GZidtKO9loDDplm6SwWjHcxyoDIphKkt8mizbNlIXqcHv8mzi30hkN0wkll9wDHc3mnStM4Hmg&vjfrom=serp&astse=0cf327ba5acfae94&assa=8659,,30,National Healthcare Group Corporate Office (NHGHQ),,Senior Clinical Informatics (Data Analytics),['Full-time'],"Identify and implement process improvements within data analytics group and/or respective programmes.
Explore machine learning algorithms, deep learning, NLP or…",https://sg.indeed.com/rc/clk?jk=496f874b83776a9e&fccid=dd616958bd9ddc12&vjs=3
https://sg.indeed.com/applystart?jk=41329cecb8748565&from=vj&pos=bottom&mvj=0&spon=0&sjdu=b7vh_jdkj9G0GZidtKO9loDDplm6SwWjHcxyoDIphKmYGJQg6xI7W-oq1Bhhb6pJkN0wkll9wDHc3mnStM4Hmg&vjfrom=serp&astse=fab97ea7eb22ad7a&assa=8987,,30,Grab,https://sg.indeed.com/cmp/Grab,"Manager, Growth Data Science - Digital Marketing",['Full-time'],"Experience in working with Digital/Mobile Marketplaces marketing with Customer lifecycle data, geospatial and mobility data.",https://sg.indeed.com/rc/clk?jk=41329cecb8748565&fccid=b79fa3ee18655a5a&vjs=3
https://sg.indeed.com/applystart?jk=50949e6b90901e17&from=vj&pos=bottom&mvj=0&spon=0&sjdu=b7vh_jdkj9G0GZidtKO9loDDplm6SwWjHcxyoDIphKkiteeob6gB9ltQWbXBnx7ekN0wkll9wDHc3mnStM4Hmg&vjfrom=serp&astse=21c5636a77e17a60&assa=1281,,30,National University of Singapore,https://sg.indeed.com/cmp/National-University-of-Singapore,Research Analyst/ Associate/ Fellow in Machine Learning and...,['Full-time'],"Development of data analysis frameworks.
The responsibilities of the role will include designing and developing various analytical frameworks to analyze…",https://sg.indeed.com/rc/clk?jk=50949e6b90901e17&fccid=b4c06e8a712feddf&vjs=3
https://sg.indeed.com/applystart?jk=ee39913b47960a56&from=vj&pos=bottom&mvj=0&spon=0&sjdu=b7vh_jdkj9G0GZidtKO9loDDplm6SwWjHcxyoDIphKlf-EFl30XzqYVhdSxNRHB_kN0wkll9wDHc3mnStM4Hmg&vjfrom=serp&astse=dc7cfded21e38d8d&assa=2985,,30,Temasek,,"Senior Associate / Assistant Vice President, Investment Data...",['Full-time'],"To research and build data science / statistical models to help IG make better investment decisions.
Applying machine learning and/or statistical techniques to…",https://sg.indeed.com/rc/clk?jk=ee39913b47960a56&fccid=d900284f63844910&vjs=3
https://sg.indeed.com/applystart?jk=09fdc8f4d82ffc9a&from=vj&pos=bottom&mvj=0&spon=0&sjdu=b7vh_jdkj9G0GZidtKO9loDDplm6SwWjHcxyoDIphKnliCKOcgsRd_UVZ_u_DONdkN0wkll9wDHc3mnStM4Hmg&vjfrom=serp&astse=2c3caebc4de1fe9a&assa=9585,,30,NTUC Income Insurance Co-Operative,https://sg.indeed.com/cmp/Income-Insurance-Limited-1,AI Engineer,"['Full-time', 'Shift system']",You will work with a strong team of AI and Data engineers to solve advanced business problems using the latest data science models and tools.,https://sg.indeed.com/rc/clk?jk=09fdc8f4d82ffc9a&fccid=ef56098dbd670fa3&vjs=3
https://sg.indeed.com/applystart?jk=d94d37d9e2fb7c9a&from=vj&pos=bottom&mvj=0&spon=0&sjdu=b7vh_jdkj9G0GZidtKO9loDDplm6SwWjHcxyoDIphKkoDPyDdOGTHpTJjs6GKSN4kN0wkll9wDHc3mnStM4Hmg&vjfrom=serp&astse=5040f80f5ebd4d3c&assa=2760,,30,Prudential plc,https://sg.indeed.com/cmp/Prudential-PLC,Data Science and Engineering Lead,['Full-time +2'],"Applying recent academic developments in data science to business problems.
Familiarity in data visualization libraries or tools such as Matplotlib and plot.ly.",https://sg.indeed.com/rc/clk?jk=d94d37d9e2fb7c9a&fccid=a88b8a0fd9c24f34&vjs=3
https://sg.indeed.com/applystart?jk=d8d5206ecd060af1&from=vj&pos=bottom&mvj=0&spon=1&adid=344996526&ad=-6NYlbfkN0BgenUtAy7N8vpHOUDnMIJ_LW6qlj4SiUZjYZ0pCX0SCeObUAX_MtiNeP1OMrjOU-30hpRo1n1yoYKP1EaKsBwfb7lWvfinb1fsT9cWsUQGNA68quxFgna8DXKZ1xRQhRlTjbgOkN0JwJj7Ls8d42cGgXkI4NkDqZzMuwVYQrbDkd3SuiZP5hvqJaofnWC_WZ1b_mH3UmyDnrWA82cdaW__vCCZRRjhRNL7FJMhvd_ywBGNF1jQH580TGvX8VU8jrrfkUn5xal4s02Q6AGxtX4GRilb85Z_838Of2cYPgM8HLsvWj3wKXtTXuCznEVjg0CcwLTX_QUfZbrinu4pTNDVpqAWqJMp6Q_wamvl-gO0n66ngXba5KsM&sjdu=DDFPzxEvhRu-RWYrxCrCmiTAsc4PX3SeosMp99jDPHOwDFcBhdp6pzACW_i80iUl8GbBx6naXi_hxFuvQmKusNzOMNmnU2hRsMfuur4UuIVc9LPS2ZlNAMG8DSYGLiTfKf0YgDdCMtvNk3w1hJEhTvikEH8o_2KRrlTCCVRJYcAEeENoT2bZGmv-Ef6KQDJiaaa7ZdBNZ0J8KVzFZNYmrw&vjfrom=serp&astse=5277f69587a7df42&assa=6483,,30,Page Personnel,,Data Scientist,"['$6,000 - $8,000 a month', 'Permanent']","Contribute to the data architecture engineering decisions to support analytics.
Strong knowledge in Feature Selection/Extraction on a variety of data types.",https://sg.indeed.com/pagead/clk?mo=r&ad=-6NYlbfkN0BgenUtAy7N8vpHOUDnMIJ_LW6qlj4SiUZjYZ0pCX0SCeObUAX_MtiNeP1OMrjOU-30hpRo1n1yoYKP1EaKsBwfb7lWvfinb1fsT9cWsUQGNK65Sh7BCg_UlgjxOtGi9e2hvqgI1xsdDz8eCXGLlWOHvmxM37zCVaBsw80LLFJqY70h-KLAXtbhScMdiun6i-g2hjiv3c5hGaNgbi_QeVkexa-EcbuPy8MskMAvDXZM20Z67Pq5hMIxAvZhgEY00U9aQxviqilSoqZLZNmvTF23YV-R-2nkXetncpUbuCGePObysaWR1PVh51oHepxDnrNHqF4BWnt7wRtBoCMemOxdy7BqStHDZZA0AWuLd2MaAeaY3mg4MvhmtRM1IVvqpYvkEi0YqCwrJDLNJsmdnFYriSOl86QIfQKcXMWEARBH-1iPXIS-RRH1HUcJS-xJ2AOykOpU9ti25JdOzvZ4dSYI6ayWzfQHSe6PxSmq9F2BA9wDl3V62CpPETY2uOKmZEel4yaOvEhuS_NJS-3bD9Z2UgKq-y314v2nfAzrQOtzivO2PvSAa4L3ei6B5w5Q7i7xjLRhvkjzz-AdI0oHXrlW9aOZ8b3hC-GBOnuoM-Duho5OxlOSCradxqKltZAvh5gGx95HA-S5j_lQyZYuU73YAIvtfhkbY3vwlkMCS89C8Q1l4e03WCC7IckZIMZqnffnCbLqfWdnnsSxtZ3ie4nFiniKL8vWiXW01S_k70pq_QCsLHLGiKtx_qhsQ6UTbYU=&xkcb=SoBZ-_M3YyfUc9WcVh0KbzkdCdPP&p=2&fvj=0&vjs=3
https://sg.indeed.com/applystart?jk=0f972ba61b0fe23c&from=vj&pos=bottom&mvj=0&spon=0&sjdu=b7vh_jdkj9G0GZidtKO9loDDplm6SwWjHcxyoDIphKks2bFrvjnPrlqxzA9BQGemkN0wkll9wDHc3mnStM4Hmg&vjfrom=serp&astse=85851d8c7960c1a5&assa=6093,,30,GO-JEK,https://sg.indeed.com/cmp/Pt.-Go--jek-Indonesia-2,Senior Data Scientist - Gopay,['Permanent'],We are looking for a data scientist to join our Data Science team at GoPay - you will create models which help grow the customer base and transactions in GoPay.,https://sg.indeed.com/rc/clk?jk=0f972ba61b0fe23c&fccid=35c79097c1f63f3d&vjs=3
https://sg.indeed.com/applystart?jk=703d1a6a246fa26a&from=vj&pos=bottom&mvj=0&spon=0&sjdu=b7vh_jdkj9G0GZidtKO9loDDplm6SwWjHcxyoDIphKndwx_iN1UPTNauERGOIi_MkN0wkll9wDHc3mnStM4Hmg&vjfrom=serp&astse=28b69e036a4ff5f6&assa=9022,,30,Grab,https://sg.indeed.com/cmp/Grab,Data Scientist (Multiple Roles and Teams),['Full-time'],"Our data science teams aim to improve Grab’s user experience and platform efficiency, and drive real-world impact through innovative data-driven technology.",https://sg.indeed.com/rc/clk?jk=703d1a6a246fa26a&fccid=b79fa3ee18655a5a&vjs=3
https://sg.indeed.com/applystart?jk=aadcf17b0e0f2729&from=vj&pos=bottom&mvj=0&spon=0&sjdu=b7vh_jdkj9G0GZidtKO9loDDplm6SwWjHcxyoDIphKkCgjo3TGeLWBElkeFTw0GekN0wkll9wDHc3mnStM4Hmg&vjfrom=serp&astse=9e0da98d713e3ef3&assa=1625,,30,DataSpark Pte Ltd,,Senior Data Scientist,['Full-time +1'],"Significant relevant experience in building and deploying data science solutions on large amounts of data.
Work with business, data analyst, and IT stakeholders…",https://sg.indeed.com/rc/clk?jk=aadcf17b0e0f2729&fccid=babab58a823c8682&vjs=3
https://sg.indeed.com/applystart?jk=9dbe2db386f7df88&from=vj&pos=bottom&mvj=0&spon=0&sjdu=b7vh_jdkj9G0GZidtKO9loDDplm6SwWjHcxyoDIphKlQo2nOxbsQa1vNvzmBYYEikN0wkll9wDHc3mnStM4Hmg&vjfrom=serp&astse=34de96c3918d847c&assa=2925,,30,Rapsys Technologies,,Data Scientist,['Full-time'],"Own data quality for various data flows.
Design, build and manage data marts to satisfy our growing data needs.
Build expertise on the data.",https://sg.indeed.com/rc/clk?jk=9dbe2db386f7df88&fccid=79ad8f5481fa2045&vjs=3
https://sg.indeed.com/applystart?jk=611935ac596b2184&from=vj&pos=bottom&mvj=0&spon=0&sjdu=b7vh_jdkj9G0GZidtKO9loDDplm6SwWjHcxyoDIphKnQFieO8UM69m8AxTihCf4ckN0wkll9wDHc3mnStM4Hmg&vjfrom=serp&astse=b7bbd483be950031&assa=9219,,30,SISTIC.com Pte Ltd,https://sg.indeed.com/cmp/Sistic.com-Pte-Ltd,Data Scientist,['Permanent'],"Familiarity with data engineering methodologies, including SQL, ETL and experience in manipulating data sets with structured and unstructured data using Hadoop,…",https://sg.indeed.com/rc/clk?jk=611935ac596b2184&fccid=c93b512c23211203&vjs=3
https://sg.indeed.com/applystart?jk=209ea2767616171a&from=vj&pos=bottom&mvj=0&spon=0&sjdu=b7vh_jdkj9G0GZidtKO9loDDplm6SwWjHcxyoDIphKnwctsoZKtEXe-98kGkJsW2kN0wkll9wDHc3mnStM4Hmg&vjfrom=serp&astse=b876f02611dbbd31&assa=769,,30,DBS Bank,https://sg.indeed.com/cmp/Dbs-Bank,Senior Data Scientist / Data Scientist - Consumer Banking Gr...,['Full-time'],"Preferred knowledge in Business Intelligence tools and data science.
Drive product business strategy by providing recommendation through data analytics.",https://sg.indeed.com/rc/clk?jk=209ea2767616171a&fccid=cc1f9ea511d140fe&vjs=3
https://sg.indeed.com/applystart?jk=c6da6e028542c918&from=vj&pos=bottom&mvj=0&spon=0&sjdu=b7vh_jdkj9G0GZidtKO9loDDplm6SwWjHcxyoDIphKnpyYzs0Bc4yqva2xgHdigGkN0wkll9wDHc3mnStM4Hmg&vjfrom=serp&astse=2b790ddfe71612cf&assa=8758,,30,UOB Asset Management Ltd,https://sg.indeed.com/cmp/United-Overseas-Bank,"VP, Lead Data Scientist / Data Science Manager",['Full-time'],"Strategy: Responsible for continuously improving the business’s data and analytics operating model, creating industry-leading performance through the leveraging…",https://sg.indeed.com/rc/clk?jk=c6da6e028542c918&fccid=b1ace17c9d00764e&vjs=3
https://sg.indeed.com/applystart?jk=479c4dcd6ae3c0c8&from=vj&pos=bottom&mvj=0&spon=0&sjdu=b7vh_jdkj9G0GZidtKO9loDDplm6SwWjHcxyoDIphKnOYDpv6xbUwVC1uCv4VZ7WkN0wkll9wDHc3mnStM4Hmg&vjfrom=serp&astse=94fe9706c84e5ae4&assa=8012,,30,Carro,https://sg.indeed.com/cmp/Carro,"Senior Data Scientist, Acoustic",['Full-time'],"Strong knowledge in big data ETL processes, data, and data exploration algorithms.
Strong data visualization and storytelling skills.",https://sg.indeed.com/rc/clk?jk=479c4dcd6ae3c0c8&fccid=c0f0ee56088a411e&vjs=3
https://sg.indeed.com/applystart?jk=d7dd43342fbe74d4&from=vj&pos=bottom&mvj=0&spon=0&sjdu=b7vh_jdkj9G0GZidtKO9loDDplm6SwWjHcxyoDIphKka3PHgUi528HTi-r0czxV1kN0wkll9wDHc3mnStM4Hmg&vjfrom=serp&astse=352a48240cf12c60&assa=7776,,30,Ministry of Trade and Industry,,Economist (Data Analytics),['Full-time +2'],"Strong quantitative skills (e.g., econometrics and data science) for forecasting, policy modelling and simulations, as well as impact evaluation studies.",https://sg.indeed.com/rc/clk?jk=d7dd43342fbe74d4&fccid=4a2777751410aed7&vjs=3
https://sg.indeed.com/applystart?jk=8b5e89ff0ef060c4&from=vj&pos=bottom&mvj=0&spon=0&sjdu=b7vh_jdkj9G0GZidtKO9loDDplm6SwWjHcxyoDIphKl1MhD-uAUpF8iwYDwlPPWukN0wkll9wDHc3mnStM4Hmg&vjfrom=serp&astse=dd50258f62960ce2&assa=4961,,30,National University of Singapore,https://sg.indeed.com/cmp/National-University-of-Singapore,Data Scientist / Data Analysis Manager,['Full-time'],"Proficiency in statistical computer languages (R, Python, MATLAB) to manipulate data and draw insights from large data sets.
NET, Java) is highly favourable.",https://sg.indeed.com/rc/clk?jk=8b5e89ff0ef060c4&fccid=b4c06e8a712feddf&vjs=3
https://sg.indeed.com/applystart?jk=0c20b553ca6a3761&from=vj&pos=bottom&mvj=0&spon=0&sjdu=b7vh_jdkj9G0GZidtKO9loDDplm6SwWjHcxyoDIphKkxM1YqLawSNlK1J7pi75b7kN0wkll9wDHc3mnStM4Hmg&vjfrom=serp&astse=ca8556c657aea1ac&assa=2739,,30,Temasek,,"Associate / Senior Associate, Investment Data Science",['Full-time'],"Experience using data to form business or investment decisions.
Applying statistical, econometric or data science techniques to model target variables in terms…",https://sg.indeed.com/rc/clk?jk=0c20b553ca6a3761&fccid=d900284f63844910&vjs=3
https://sg.indeed.com/applystart?jk=a875404a39192572&from=vj&pos=bottom&mvj=0&spon=0&sjdu=b7vh_jdkj9G0GZidtKO9loDDplm6SwWjHcxyoDIphKkqGfUk8ZBxhPbrs4AR1HzbkN0wkll9wDHc3mnStM4Hmg&vjfrom=serp&astse=70fef84ffcb5923f&assa=1481,,30,Tan Tock Seng,https://sg.indeed.com/cmp/Tan-Tock-Seng,Data Scientist (NCID Prepare Office),['Full-time +1'],"Data extraction, cleaning, processing and management;
The Co-op is building a core data and research analytic team that will generate and provide empirical data…",https://sg.indeed.com/rc/clk?jk=a875404a39192572&fccid=b0babaafc9cc3312&vjs=3
https://sg.indeed.com/applystart?jk=fd5fdfc8d2f23d10&from=vj&pos=bottom&mvj=0&spon=0&sjdu=b7vh_jdkj9G0GZidtKO9loDDplm6SwWjHcxyoDIphKnXuXjnhkkdArrLTcemg5NykN0wkll9wDHc3mnStM4Hmg&vjfrom=serp&astse=72f27c3114f319c9&assa=1955,,30,Grab,https://sg.indeed.com/cmp/Grab,Senior Data Scientist (Dispatch),['Full-time'],"Experience in working with geospatial/ mobility data.
Deep dive into big data to conduct advanced statistical analyses.",https://sg.indeed.com/rc/clk?jk=fd5fdfc8d2f23d10&fccid=b79fa3ee18655a5a&vjs=3
https://sg.indeed.com/applystart?jk=a98d41b9f409360d&from=vj&pos=bottom&mvj=0&spon=0&sjdu=b7vh_jdkj9G0GZidtKO9loDDplm6SwWjHcxyoDIphKmPLmywppnjADhhAwHZuuBBkN0wkll9wDHc3mnStM4Hmg&vjfrom=serp&astse=9dc7456d152e806a&assa=743,,30,Lenovo,https://sg.indeed.com/cmp/Lenovo,Supply Chain Principal Data Scientist,['Full-time'],",· Collaborating with Data and IT teams and other internal groups to address data quality, master data management, data governance and metadata management goals…",https://sg.indeed.com/rc/clk?jk=a98d41b9f409360d&fccid=af103eaff391cdf0&vjs=3
https://sg.indeed.com/applystart?jk=ad99d245b0f74ec7&from=vj&pos=bottom&mvj=0&spon=0&sjdu=b7vh_jdkj9G0GZidtKO9loDDplm6SwWjHcxyoDIphKkwbbaeP45QbXIRz62feNSJkN0wkll9wDHc3mnStM4Hmg&vjfrom=serp&astse=5bf332c521678986&assa=5769,,30,AiDA,,Data Scientist (Machine Learning Specialist),['Full-time'],"Opportunity to work with best data scientists in the world, including Kaggle Grand Master.
Processing, cleansing, and verifying the integrity of data used for…",https://sg.indeed.com/rc/clk?jk=ad99d245b0f74ec7&fccid=ec85f4d8ea36d70a&vjs=3
https://sg.indeed.com/applystart?jk=3878eab46f28caa5&from=vj&pos=bottom&mvj=0&spon=0&sjdu=b7vh_jdkj9G0GZidtKO9loDDplm6SwWjHcxyoDIphKnqixRUR1SvIG1IEgx-LTNAkN0wkll9wDHc3mnStM4Hmg&vjfrom=serp&astse=cc3efd4900957295&assa=1317,,30,"Ultra Clean Holdings, Inc.",,"Engineer, Machine Learning & Artificial Intelligence",['Full-time'],"Build analytics platform components to support data collection, exploratory, and integration from various sources being data API, RDBMS, or big data platform.",https://sg.indeed.com/rc/clk?jk=3878eab46f28caa5&fccid=dc07d054b5028733&vjs=3
https://sg.indeed.com/applystart?jk=b2fa4c0e8976eea9&from=vj&pos=bottom&mvj=0&spon=0&sjdu=b7vh_jdkj9G0GZidtKO9loDDplm6SwWjHcxyoDIphKluZcZ-EP9FYYSSyGuHAl_8kN0wkll9wDHc3mnStM4Hmg&vjfrom=serp&astse=e75ab4e6786b4160&assa=7802,,30,UBS,https://sg.indeed.com/cmp/UBS,Group CTO - Machine Learning Engineer,['Full-time +1'],"Hands-on working experience in Python scientific stack, SQL, UNIX/Linux systems for data wrangling, data analysis, modelling.",https://sg.indeed.com/rc/clk?jk=b2fa4c0e8976eea9&fccid=1c76c3a36f6c7557&vjs=3
https://sg.indeed.com/applystart?jk=abc6c2f4b294c2f6&from=vj&pos=bottom&mvj=0&spon=0&sjdu=b7vh_jdkj9G0GZidtKO9loDDplm6SwWjHcxyoDIphKlmhKgiAP1bC9trL5hjGdVAkN0wkll9wDHc3mnStM4Hmg&vjfrom=serp&astse=617beb0eec1ff6e1&assa=868,,30,Grab,https://sg.indeed.com/cmp/Grab,Senior Data Scientist (Supply Shaping),['Full-time'],"The supply shaping data science team is a long-established team responsible for supply planning, positioning and retaining.",https://sg.indeed.com/rc/clk?jk=abc6c2f4b294c2f6&fccid=b79fa3ee18655a5a&vjs=3
https://sg.indeed.com/applystart?jk=e5760abc1a3e8c39&from=vj&pos=bottom&mvj=0&spon=0&sjdu=b7vh_jdkj9G0GZidtKO9loDDplm6SwWjHcxyoDIphKmrm_uWB8c7cxZftR4IQ27vkN0wkll9wDHc3mnStM4Hmg&vjfrom=serp&astse=4da972a9badd3267&assa=8782,,30,Ultra Clean Asia Pacific Pte Ltd,https://sg.indeed.com/cmp/Ultra-Clean-Asia-Pacific-Pte-Ltd,"Engineer, Machine Learning & Artificial Intelligence",['Full-time'],"Build analytics platform components to support data collection, exploratory, and integration from various sources being data API, RDBMS, or big data platform.",https://sg.indeed.com/rc/clk?jk=e5760abc1a3e8c39&fccid=34a35bd727922544&vjs=3
Apply Now,,30,Neuroglee Therapeutics,,Senior Machine Learning Scientist,['Full-time'],"Digital signal processing, such as speech data.
By hiring the right talented Machine Learning scientists; data scientists, engineers, clinicians and healthcare…",https://sg.indeed.com/rc/clk?jk=d9b20760611c41cb&fccid=9f7420685d11a1d7&vjs=3
https://sg.indeed.com/applystart?jk=cd40f0fb6dfcba44&from=vj&pos=bottom&mvj=0&spon=0&sjdu=b7vh_jdkj9G0GZidtKO9loDDplm6SwWjHcxyoDIphKkfRSXeBnksL09MqUb9_UIQkN0wkll9wDHc3mnStM4Hmg&vjfrom=serp&astse=d05bf16b5cfc8b6e&assa=3785,,30,Visa,https://sg.indeed.com/cmp/Visa,"Senior Manager, Data Science - Visa Consulting & Analytics,...",['Full-time'],"Actively seek out opportunities to innovate by using Visa’s data, client’s data and non-traditional data fit for purpose to the needs of our clients.",https://sg.indeed.com/rc/clk?jk=cd40f0fb6dfcba44&fccid=a3f737e511d9fc8c&vjs=3
https://sg.indeed.com/applystart?jk=caa2d90ff06202a1&from=vj&pos=bottom&mvj=0&spon=0&sjdu=b7vh_jdkj9G0GZidtKO9loDDplm6SwWjHcxyoDIphKnLW7X2TAoqHGmJ3ViqZsalkN0wkll9wDHc3mnStM4Hmg&vjfrom=serp&astse=a15927ebcadfa88a&assa=896,,30,DBS Bank,https://sg.indeed.com/cmp/Dbs-Bank,"Senior Vice President (SVP), Senior Data Scientist, Analytic...",['Full-time'],"Build strong data team, mentor and coach data scientist.
The hired data scientist will play an active role in supporting the bank to build advance analytic…",https://sg.indeed.com/rc/clk?jk=caa2d90ff06202a1&fccid=cc1f9ea511d140fe&vjs=3
Apply Now,,30,"Love, Bonito",,Data Analytics Lead (Senior Analytics Manager),['Full-time'],"New data integration and data infrastructure.
Validate data tables in data warehouse, refine logic and data transformation, and build aggregation tables to…",https://sg.indeed.com/rc/clk?jk=4b229f41ef4cf13e&fccid=14a2208fa2c3b5ef&vjs=3
https://sg.indeed.com/applystart?jk=84491f9e0cf09a02&from=vj&pos=bottom&mvj=0&spon=0&sjdu=b7vh_jdkj9G0GZidtKO9loDDplm6SwWjHcxyoDIphKkdvqzH9MTO-NJDqrp8hgYfkN0wkll9wDHc3mnStM4Hmg&vjfrom=serp&astse=34af9e70113d9e8b&assa=397,,30,PwC,https://sg.indeed.com/cmp/Pwc,SME - Data Science & Advanced Analytics (Data & Analytics) -...,['Full-time'],"Proficiency in Python and its common data science libraries.
8+ years experience in data science or machine learning related functional roles.",https://sg.indeed.com/rc/clk?jk=84491f9e0cf09a02&fccid=5e964c4afc56b180&vjs=3
Apply Now,,30,Endicott Willow,,Machine Learning Engineer,"['$8,000 - $11,000 a month', 'Full-time +1', 'Flexible hours']","Experience with Python and machine learning frameworks such as pytorch, tensorflow.
Experience with cloud infrastructure, e.g., AWS, Microsoft Azure.",https://sg.indeed.com/company/Endicott-Willow/jobs/Machine-Learning-Engineer-f0d655ade6b981e0?fccid=215f513f9528a4e7&vjs=3
Apply Now,,30,JJ Consulting Services,,Project Manager (Data Analytics),"['$3,875 - $12,322 a month', 'Full-time', 'Monday to Friday']",Strong Experience working in an agile environment across multiple teams delivering data science and data engineering solutions.,https://sg.indeed.com/company/JJ-Consulting-Services/jobs/Project-Manager-af007428a67af31c?fccid=eb983c13696b8691&vjs=3
